{
    "editors": [
        {
            "@type": "AssetsEditor",
            "uuid": 0
        },
        {
            "@type": "WorldEditor",
            "uuid": 7475342350833062357,
            "cameraPos": {
                "x": 3.2766177654266359,
                "y": 2.4893686771392824,
                "z": -5.722343444824219
            },
            "cameraRot": {
                "x": 13.300003051757813,
                "y": -17.500001907348634,
                "z": 0.0
            },
            "lookSpeed": 0.10000000149011612,
            "moveSpeed": 10.0
        },
        {
            "@type": "CodeEditorWindow",
            "uuid": 7475342372948958667,
            "code": {
                "buffer": "// Write your code here...\n\nint main() {\n    return 0;\n}\n\nJASON SUCKS BIG BALLS!!"
            }
        },
        {
            "@type": "WorldEditor",
            "uuid": 7475342456434726262,
            "cameraPos": {
                "x": -1.4307523965835572,
                "y": 1.6208683252334595,
                "z": 0.74809730052948
            },
            "cameraRot": {
                "x": 43.79997253417969,
                "y": 108.10000610351563,
                "z": 0.0
            },
            "lookSpeed": 0.10000000149011612,
            "moveSpeed": 10.0
        }
    ]
}